Version,BF,Testcase,V,TotalTime_ms,ComputeTime_ms,GOPS,gld_GBs,gst_GBs,shld_GBs,shst_GBs,sm_eff_pct,achieved_occupancy
hw3-2_bf16,16,c21.1,5000,186334.253,185284.516,1.349276266560774,144.544432,96.362955,578.177729,192.725910,99.791255,0.869021
hw3-2_bf32,32,c21.1,5000,93406.498,92321.930,2.7079156599087564,299.181070,99.727023,2393.448559,398.908093,99.541705,0.903885
hw3-2_bf64,64,c21.1,5000,49518.185,48369.179,5.168580595506904,208.943381,69.647794,3343.094101,139.295588,99.547747,0.909082
